{
  "H": 495189.6564369077,
  "p": 0.0,
  "epsilon_squared": 0.012718694949288609,
  "n_total": 38934000,
  "k_groups": 7
}