{
  "intron_baseline_pooled": {
    "mean": 27.726306915283203,
    "sd": 6.102284908294678,
    "n": 67714940
  },
  "results": {
    "splice_donor": {
      "n": 340621,
      "mean_c": 25.56192398071289,
      "d": -0.35435363140303994
    },
    "splice_acceptor": {
      "n": 338865,
      "mean_c": 25.969274520874023,
      "d": -0.28771959706949046
    },
    "cCRE_ELS": {
      "n": 9044492,
      "mean_c": 26.99907684326172,
      "d": -0.11809142234505013
    },
    "eQTL": {
      "n": 32450,
      "mean_c": 28.117319107055664,
      "d": 0.06407730129397639
    },
    "GWAS": {
      "n": 6898,
      "mean_c": 27.85372543334961,
      "d": 0.020880460672060144
    }
  }
}